Feature,Importance
Age_Months,0.35714535460859176
MUAC,0.17320098424149077
Previous_MUAC,0.1494634861223472
Days_Since_Last_Visit,0.09933572633841574
Visit_Number,0.06595234151570688
MUAC_Change,0.06586949003129967
Condition_Enc,0.06353370442051068
Cluster_Feature,0.025498912721637176
